[
  {
    "id": 1,
    "title": "Inception",
    "director": "Christopher Nolan",
    "actor": "Leonardo DiCaprio",
    "actress": "Elliot Page",
    "genre": "Sci-Fi",
    "budget": 160000000,
    "rating": 8.8
  },
  {
    "id": 2,
    "title": "Interstellar",
    "director": "Christopher Nolan",
    "actor": "Matthew McConaughey",
    "actress": "Anne Hathaway",
    "genre": "Adventure",
    "budget": 165000000,
    "rating": 8.6
  },
  {
    "id": 3,
    "title": "The Dark Knight",
    "director": "Christopher Nolan",
    "actor": "Christian Bale",
    "actress": "Maggie Gyllenhaal",
    "genre": "Action",
    "budget": 185000000,
    "rating": 9.0
  },
  {
    "id": 4,
    "title": "Avengers: Endgame",
    "director": "Anthony Russo",
    "actor": "Robert Downey Jr.",
    "actress": "Scarlett Johansson",
    "genre": "Superhero",
    "budget": 356000000,
    "rating": 8.4
  }
]
